"","source","target"
"2","arvindcanchi","gag_aggarwal"
"3","arvindcanchi","Errantnephron"
"4","ISNeducation","ISNkidneycare"
"10","arvindcanchi","gag_aggarwal"
"20","arvindcanchi","manishadassi"
"36","arvindcanchi","DrLighthunter"
"60","nephondemand","arvindcanchi"
"70","arvindcanchi","nephondemand"
"72","gag_aggarwal","arvindcanchihttps"
"81","gag_aggarwal","arvindcanchihttps"
"83","nephondemand","tulunsokit"
"142","nephondemand","unicpa"
"187","ISNeducation","arvindcanchi"
"191","arvindcanchi","gag_aggarwal"
"198","arvindcanchi","kishan_aral"
"243","Nair_Sanj","nephondemand"
"246","arvindcanchi","nephondemand"
"263","nephondemand","EdoardoMelilli"
"280","nephondemand","Nair_Sanj"
"309","Nair_Sanj","arvindcanchi"
"312","Errantnephron","nephondemandand"
"333","krishnadoctor1","arvindcanchi"
"364","ISNeducation","arvindcanchi"
"367","arvindcanchi","Nair_Sanj"
"368","arvindcanchi","Errantnephron"
"369","arvindcanchi","prakashneph"
"376","ISNeducation","ISNeducation"
"379","Errantnephron","LVRiella"
"481","ISNeducation","ISNeducation"
"497","nephondemand","Errantnephron"
"509","ISNeducation","arvindcanchi"
"511","arvindcanchi","MrpVankalakunti"
"513","arvindcanchi","unicipa"
"514","arvindcanchi","MVankalakunti"
"515","arvindcanchi","MVankalakunti"
"533","Nair_Sanj","divyaa24"
"552","nephondemand","tulunsokit"
"581","manishadassi","tulunsokit"
"603","arvindcanchi","MVankalakunti"
"604","arvindcanchi","mVankalakunti"
"608","arvindcanchi","MVankalakunti"
"616","arvindcanchi","MVankalakunti"
"637","arvindcanchi","MVankalakunti"
"644","arvindcanchi","nephondemand"
"654","arvindcanchi","DrLighthunterpic"
"694","nephondemand","ISNkidneycare"
"710","ISNeducation","ISNeducation"
"716","arvindcanchi","MVankalakunti"
"717","nephondemand","ISNeducation"
"725","MVankalakunti","arvindcanchi"
"726","tulunsokit","arvindcanchi"
"728","arvindcanchi","ISNeducation"
"731","nephondemand","EdoardoMelilli"
"732","arvindcanchi","unicipa"
"739","Nair_Sanj","hswapnil"
"740","arvindcanchi","hswapnil"
"744","Errantnephron","arvindcanchi"
"793","arvindcanchi","sibgokcay"
"849","Nair_Sanj","EdoardoMelilli"
"853","nephondemand","arvindcanchi"
"864","unicipa","arvindcanchi"
"869","wittykidney","arvindcanchi"
"906","khaled1409","arvindcanchi"
"917","NephRodby","divyaa24"
"918","arvindcanchi","wittykidney"
"923","NephRodby","Wittykidney"
"1006","arvindcanchi","hswapnil"
"1021","gag_aggarwal","divyaa24"
"1025","manishadassi","gag_aggarwal"
"1028","arvindcanchi","manishadassi"
"1029","LangoteAmit","manishadassi"
"1031","arvindcanchi","manishadassi"
"1034","arvindcanchi","manishadassi"
"1043","Nair_Sanj","manishadassi"
"1048","arvindcanchi","manishadassi"
"1049","arvindcanchi","manishadassi"
"1051","arvindcanchi","manishadassi"
"1082","manishadassi","divyaa24"
"1083","arvindcanchi","manishadassi"
"1100","manishadassi","divyaa24"
"1104","manishadassi","divyaa24"
"1139","Nair_Sanj","manishadassi"
"1150","arvindcanchi","Nair_Sanj"
"1192","manishadassi","arvindcanchi"
"1195","arvindcanchi","manishadassi"
"1200","arvindcanchi","brzoskos"
"1203","silvishah","manishadassi"
"1206","ISNeducation","arvindcanchi"
"1212","arvindcanchi","unicipa"
"1218","arvindcanchi","manishadassi"
"1220","arvindcanchi","hswapnil"
"1237","arvindcanchi","MVankalakunti"
"1243","gag_aggarwal","manishadassi"
"1249","arvindcanchi","MVankalakunti"
"1252","gag_aggarwal","MVankalakunti"
"1253","arvindcanchi","MVankalakunti"
"1358","wittykidney","arvindcanchi"
"1367","manishadassi","arvindcanchi"
"1368","manishadassi","kidneydoc101"
"1369","gag_aggarwal","Nair_Sanj"
"1371","arvindcanchi","MVankalakunti"
"1373","arvindcanchi","gag_aggarwal"
"1376","gag_aggarwal","10pm"
"1388","krishnadoctor1","kidneydoc101"
"1389","gag_aggarwal","manishadassi"
"1393","arvindcanchi","gag_aggarwal"
"1394","gag_aggarwal","arvindcanchi"
"1398","gag_aggarwal","10pm"
"1399","gag_aggarwal","DrLighthunter"
"1402","gag_aggarwal","arvindcanchipic"
"1403","arvindcanchi","gag_aggarwal"
"1415","gag_aggarwal","arvindcanchi"
"1417","gag_aggarwal","arvindcanchi"
"1432","Nair_Sanj","gag_aggarwal"
"1434","manishadassi","gag_aggarwal"
"1463","manishadassi","gag_aggarwal"
"1484","gag_aggarwal","arvindcanchi"
"1523","gag_aggarwal","Nair_Sanjpic"
"1550","manishadassi","gag_aggarwal"
"1552","gag_aggarwal","DrLighthunter"
"1574","gag_aggarwal","mhtwenge"
"1584","gag_aggarwal","raja_1980"
"1589","gag_aggarwal","BajinderR"
"1602","gag_aggarwal","divyaa24"
"1612","gag_aggarwal","arvindcanchipic"
"1615","gag_aggarwal","raja_1980"
"1620","raja_1980","MVankalakunti"
"1621","divyaa24","gag_aggarwal"
"1623","Nair_Sanj","gag_aggarwal"
"1628","arvindcanchi","gag_aggarwal"
"1646","gag_aggarwal","arvindcanchi"
"1649","wittykidney","nephondemand"
"1652","raja_1980","arvindcanchi"
"1654","gag_aggarwal","arvindcanchi"
"1669","arvindcanchi","unicipa"
"1675","manishadassi","gag_aggarwal"
"1676","manishadassi","raja_1980"
"1721","arvindcanchi","ISNeducation"
"1787","arvindcanchi","raja_1980"
"1799","chetanmudrabett","arvindcanchi"
"1812","manishadassi","raja_1980"
"1816","manishadassi","raja_1980"
"1831","manishadassi","arvindcanchi"
"1846","arvindcanchi","MayuriTrivedi80"
"1850","MayuriTrivedi80","arvindcanchi"
"1856","unicipa","HenryEChang"
"1860","arvindcanchi","hswapnil"
"1862","arvindcanchi","manishadassi"
"1875","manishadassi","raja_1980"
"1888","arvindcanchi","sibgokcay"
"1890","unicipa","arvindcanchi"
"1891","Nair_Sanj","arvindcanchi"
"1898","manishadassi","DrLighthunter"
"2022","arvindcanchi","DrLighthunter"
"2023","raja_1980","therealvenky"
"2039","arvindcanchi","MVankalakunti"
"2044","arvindcanchi","MVankalakunti"
"2047","arvindcanchi","MVankalakunti"
"2054","raja_1980","MVankalakunti"
"2059","arvindcanchi","MVankalakunti"
"2060","raja_1980","MVankalakunti"
"2062","raja_1980","MVankalakunti"
"2063","arvindcanchi","MVankalakunti"
"2070","manishadassi","arvindcanchi"
"2094","manishadassi","arvindcanchi"
"2097","unicipa","arvindcanchihttps"
"2098","arvindcanchi","wittykidney"
"2105","manirath","manishadassi"
"2107","raja_1980","manirath"
"2110","manishadassi","MayuriTrivedi80"
"2112","raja_1980","arvindcanchi"
"2123","arvindcanchi","manishadassi"
"2125","arvindcanchi","MayuriTrivedi80"
"2129","raja_1980","arvindcanchi"
"2135","arvindcanchi","unicipa"
"2138","Errantnephron","arvindcanchi"
"2169","Nair_Sanj","arvindcanchi"
"2221","arvindcanchi","MVankalakunti"
"2222","arvindcanchi","MVankalakunti"
"2226","arvindcanchi","MVankalakunti"
"2233","MayuriTrivedi80","MVankalakunti"
"2238","Nair_Sanj","MVankalakunti"
"2239","arvindcanchi","MVankalakunti"
"2266","arvindcanchi","MVankalakunti"
"2278","arvindcanchi","unicipa"
"2279","manan_doshi","arvindcanchi"
"2296","arvindcanchi","NephRodby"
"2302","raja_1980","NephRodby"
"2304","arvindcanchi","Errantnephron"
"2305","arvindcanchi","chetanmudrabett"
"2306","arvindcanchi","MayuriTrivedi80"
"2315","arvindcanchi","hswapnil"
"2316","nephondemand","raja_1980"
"2319","arvindcanchi","raja_1980"
"2322","arvindcanchi","akshayakeerti"
"2326","arvindcanchi","unicipa"
"2327","arvindcanchi","DrLighthunter"
"2410","arvindcanchi","DrLighthunter"
"2474","manan_doshi","arvindcanchi"
"2488","arvindcanchi","anupampom"
"2489","arvindcanchi","wittykidney"
"2495","arvindcanchi","unicipa"
"2512","nephondemand","raja_1980"
"2531","wittykidney","manishadassi"
"2534","wittykidney","nephondemand"
"2556","arvindcanchi","manishadassi"
"2557","arvindcanchi","nephondemand"
"2558","ISNeducation","arvindcanchi"
"2564","arvindcanchi","MayuriTrivedi80"
"2574","arvindcanchi","MayuriTrivedi80"
"2624","arvindcanchi","unicipa"
"2745","arvindcanchi","manishadassi"
"2752","arvindcanchi","aksahyakeerti"
"2834","nephondemand","prakashneph"
"2921","arvindcanchi","manishadassi"
"2922","arvindcanchi","nephondemand"
"2923","arvindcanchi","hswapnil"
"3051","nephondemand","arvindcanchi"
"3063","ISNeducation","swissnephro"
"3067","arvindcanchi","EdoardoMelilli"
"3285","nephondemand","BasuNephro"
"3286","arvindcanchi","DrLighthunter"
"3583","LangoteAmit","arvindcanchi"
"3602","arvindcanchi","unicipa"
"3754","arvindcanchi","divyaa24"
"3760","ISNeducation","ECNeph"
"3766","arvindcanchi","akshayakeerti"
"3774","arvindcanchi","S_brimble"
"3797","gag_aggarwal","tulunsokit"
"3947","arvindcanchi","unicipa"
"4128","gag_aggarwal","arvindcanchipic"
"4143","gag_aggarwal","raja_1980pic"
"4156","gag_aggarwal","arvindcanchi"
"4169","gag_aggarwal","arvindcanchi"
"4200","gag_aggarwal","manishadassi"
"4206","raja_1980","gag_aggarwal"
"4223","arvindcanchi","akshayakeertipic"
"4353","chetanmudrabett","raja_1980"
"4416","arvindcanchi","gag_aggarwal"
"4442","arvindcanchi","wittykidney"
"4444","unicipa","vitomirperic"
"4617","arvindcanchi","MVankalakunti"
"4652","arvindcanchi","raja_1980"
"4689","arvindcanchi","wittykidney"
"4856","raja_1980","7"
"4858","arvindcanchi","kicha28"
"4859","arvindcanchi","anupampom"
"4869","arvindcanchi","raja_1980"
"4876","arvindcanchi","unicipa"
"5042","arvindcanchi","raja_1980"
"5043","arvindcanchi","sibgokcaypic"
"5049","arvindcanchi","sibgokcay"
"5110","arvindcanchi","Nair_Sanj"
"5111","arvindcanchi","NephRodby"
"5118","arvindcanchi","manishadassi"
"5128","arvindcanchi","hswapnil"
"5299","arvindcanchi","MayuriTrivedi80"
"5306","arvindcanchi","EdoardoMelilli"
"5475","arvindcanchi","MayuriTrivedi80"
"5476","arvindcanchi","unicipa"
"5477","arvindcanchi","khaled1409"
"5605","nephondemand","Anandachap"
"5617","ISNeducation","caioqualunque"
"5621","arvindcanchi","AMCMA6"
"5839","nephondemand","unicipapic"
"5840","arvindcanchi","divyaa24"
"6156","arvindcanchi","akshayakeerti"
"6308","arvindcanchi","sibgokcay"
"6320","arvindcanchi","brzoskos"
"6328","arvindcanchi","wittykidney"
"6351","gag_aggarwal","kishan_aral"
"6501","arvindcanchi","brzoskos"
"6754","gag_aggarwal","divyaa24"
"6760","raja_1980","manishadassi"
"6996","arvindcanchi","unicipa"
"6998","unicipa","JMaslovarichttps"
"7206","arvindcanchi","manishadassipic"
"7243","arvindcanchi","akshayakeerti"
"7412","arvindcanchi","manan_doshi"
"7413","arvindcanchi","unicipa"
"7430","arvindcanchi","sibgokcay"
"7596","arvindcanchi","manan_doshi"
"7603","arvindcanchi","manan_doshipic"
"7664","arvindcanchi","MayuriTrivedi80"
"7665","arvindcanchi","HecmagsMD"
"7672","arvindcanchi","HayderAledan"
"7682","arvindcanchi","HayderAledan"
"7853","arvindcanchi","Nair_Sanj"
"7860","arvindcanchi","brzoskos"
"8029","arvindcanchi","gag_aggarwal"
"8031","arvindcanchi","RulaniyaDr"
"8159","nephondemand","gag_aggarwal"
"8394","arvindcanchi","nephondemand"
"8710","arvindcanchi","brzoskos"
"8874","arvindcanchi","sibgokcay"
"8905","gag_aggarwal","mhtwenge"
"9055","arvindcanchi","wittykidney"
"9308","gag_aggarwal","Nair_Sanj"
"9550","arvindcanchi","akshayakeertipic"
"9797","arvindcanchi","kishan_aral"
"9966","arvindcanchi","nainamdar"
"9967","arvindcanchi","MVankalakuntihttps"
"9984","arvindcanchi","raja_1980pic"
"10150","arvindcanchi","therealvenky"
"10218","arvindcanchi","hswapnil"
"10219","arvindcanchi","RulaniyaDr"
"10226","arvindcanchi","hswapnil"
"10236","arvindcanchi","tulunsokit"
"10407","arvindcanchi","RulaniyaDr"
"10585","arvindcanchi","wittykidney"
"10713","nephondemand","Nair_Sanj"
"11264","arvindcanchi","sibgokcaypic"
"11428","arvindcanchi","khaled1409"
"11459","gag_aggarwal","divyaa24"
"11609","arvindcanchi","akshayakeertipic"
"11862","gag_aggarwal","wittykidney"
"12704","arvindcanchi","unicipahttps"
"12772","arvindcanchi","tulunsokithttps"
"12773","arvindcanchi","divyaa24https"
"12780","arvindcanchi","Nair_Sanjhttps"
"12961","arvindcanchi","Errantnephron"
"13982","arvindcanchi","wittykidneypic"
"14416","gag_aggarwal","MayuriTrivedi80"
"15515","arvindcanchi","wittykidney"
"16970","gag_aggarwal","raja_1980"
"19524","gag_aggarwal","mhtwenge"
"22078","gag_aggarwal","Errantnephronhttps"
